script,run_index,execution_time,memory_usage
controlled_compute.py,1,2.67,127952
controlled_compute.py,2,2.65,128548
controlled_compute.py,3,2.6,128332
controlled_compute.py,4,2.54,128308
controlled_compute.py,5,2.62,128180
controlled_compute.py,6,2.24,128248
controlled_compute.py,7,2.37,128828
controlled_compute.py,8,2.46,128348
controlled_compute.py,9,2.54,128480
controlled_compute.py,10,2.34,128600
controlled_compute.py,11,2.96,128600
controlled_compute.py,12,2.97,128476
controlled_compute.py,13,2.51,128268
controlled_compute.py,14,2.72,128084
controlled_compute.py,15,2.49,128268
controlled_compute.py,16,2.25,128244
controlled_compute.py,17,2.63,128452
controlled_compute.py,18,2.48,128632
controlled_compute.py,19,2.92,128144
controlled_compute.py,20,2.51,128144
controlled_compute.py,21,2.47,128556
controlled_compute.py,22,2.23,128476
controlled_compute.py,23,2.34,128284
controlled_compute.py,24,2.42,128760
controlled_compute.py,25,2.17,128560
controlled_compute.py,26,2.38,128408
controlled_compute.py,27,2.73,128076
controlled_compute.py,28,2.59,128408
controlled_compute.py,29,2.34,128540
controlled_compute.py,30,2.67,128532
controlled_compute.py,31,3.42,128072
controlled_compute.py,32,2.68,127756
controlled_compute.py,33,2.57,128256
controlled_compute.py,34,2.23,128612
controlled_compute.py,35,2.38,128236
controlled_compute.py,36,2.21,128140
controlled_compute.py,37,2.13,128776
controlled_compute.py,38,1.94,128124
controlled_compute.py,39,2.04,128556
controlled_compute.py,40,2.28,127972
controlled_compute.py,41,2.38,128640
controlled_compute.py,42,2.22,128072
controlled_compute.py,43,2.48,128404
controlled_compute.py,44,2.49,128124
controlled_compute.py,45,2.3,128756
controlled_compute.py,46,2.15,128524
controlled_compute.py,47,2.42,128040
controlled_compute.py,48,2.56,128132
controlled_compute.py,49,2.78,128088
controlled_compute.py,50,2.57,128320
controlled_compute.py,51,2.23,128412
controlled_compute.py,52,2.31,128496
controlled_compute.py,53,2.46,128308
controlled_compute.py,54,2.31,128068
controlled_compute.py,55,2.35,128032
controlled_compute.py,56,2.41,128508
controlled_compute.py,57,2.57,128196
controlled_compute.py,58,2.57,128248
controlled_compute.py,59,2.27,128600
controlled_compute.py,60,2.4,128208
controlled_compute.py,61,2.47,128384
controlled_compute.py,62,2.71,128144
controlled_compute.py,63,2.68,128844
controlled_compute.py,64,2.12,128756
controlled_compute.py,65,2.09,128680
controlled_compute.py,66,2.26,128272
controlled_compute.py,67,1.96,128708
controlled_compute.py,68,2.0,128188
controlled_compute.py,69,1.91,128404
controlled_compute.py,70,2.31,128500
controlled_compute.py,71,2.3,128440
controlled_compute.py,72,2.02,128360
controlled_compute.py,73,2.1,128552
controlled_compute.py,74,1.93,128412
controlled_compute.py,75,2.1,128500
controlled_compute.py,76,2.17,128216
controlled_compute.py,77,2.09,128536
controlled_compute.py,78,2.06,128588
controlled_compute.py,79,2.01,128824
controlled_compute.py,80,2.2,128396
controlled_compute.py,81,2.11,128484
controlled_compute.py,82,2.04,128676
controlled_compute.py,83,2.72,128336
controlled_compute.py,84,3.17,128360
controlled_compute.py,85,2.62,128404
controlled_compute.py,86,2.31,128096
controlled_compute.py,87,2.41,127932
controlled_compute.py,88,3.5,128456
controlled_compute.py,89,2.37,127956
controlled_compute.py,90,2.38,128144
controlled_compute.py,91,2.46,128272
controlled_compute.py,92,2.96,128836
controlled_compute.py,93,2.77,128212
controlled_compute.py,94,2.68,127824
controlled_compute.py,95,2.38,128432
controlled_compute.py,96,2.3,128240
controlled_compute.py,97,2.17,128164
controlled_compute.py,98,2.15,128376
controlled_compute.py,99,2.24,128380
controlled_compute.py,100,2.08,128772
controlled_compute.py,101,2.18,128576
controlled_compute.py,102,2.48,128172
controlled_compute.py,103,2.21,128556
controlled_compute.py,104,1.99,128384
controlled_compute.py,105,1.97,128240
controlled_compute.py,106,1.99,128480
controlled_compute.py,107,2.02,128448
controlled_compute.py,108,2.0,128616
controlled_compute.py,109,2.03,128432
controlled_compute.py,110,2.13,128248
controlled_compute.py,111,1.91,128336
controlled_compute.py,112,2.12,128360
controlled_compute.py,113,2.06,128148
controlled_compute.py,114,2.02,128364
controlled_compute.py,115,2.16,128300
controlled_compute.py,116,1.98,128436
controlled_compute.py,117,2.09,128460
controlled_compute.py,118,1.95,128568
controlled_compute.py,119,1.93,128440
controlled_compute.py,120,2.06,128088
controlled_compute.py,121,2.08,128252
controlled_compute.py,122,2.06,128328
controlled_compute.py,123,2.37,128264
controlled_compute.py,124,2.05,128604
controlled_compute.py,125,2.0,128656
controlled_compute.py,126,2.12,128128
controlled_compute.py,127,2.09,128300
controlled_compute.py,128,2.03,128432
controlled_compute.py,129,1.9,128852
controlled_compute.py,130,2.02,128432
controlled_compute.py,131,2.1,128328
controlled_compute.py,132,2.45,128208
controlled_compute.py,133,2.34,128788
controlled_compute.py,134,2.51,128372
controlled_compute.py,135,2.2,128604
controlled_compute.py,136,2.02,128548
controlled_compute.py,137,1.94,128672
controlled_compute.py,138,1.95,128396
controlled_compute.py,139,2.31,128540
controlled_compute.py,140,2.75,128416
controlled_compute.py,141,3.2,128468
controlled_compute.py,142,2.18,128060
controlled_compute.py,143,2.12,128468
controlled_compute.py,144,2.34,128368
controlled_compute.py,145,2.43,128456
controlled_compute.py,146,2.38,128764
controlled_compute.py,147,2.75,128844
controlled_compute.py,148,2.7,128180
controlled_compute.py,149,2.34,128508
controlled_compute.py,150,2.52,128596
controlled_compute.py,151,2.36,128516
controlled_compute.py,152,2.63,128380
controlled_compute.py,153,2.38,128884
controlled_compute.py,154,2.47,128156
controlled_compute.py,155,2.15,128240
controlled_compute.py,156,1.88,128756
controlled_compute.py,157,2.16,128296
controlled_compute.py,158,2.64,128520
controlled_compute.py,159,2.66,127924
controlled_compute.py,160,2.39,128488
controlled_compute.py,161,2.37,129012
controlled_compute.py,162,2.58,128420
controlled_compute.py,163,2.44,128520
controlled_compute.py,164,2.6,128844
controlled_compute.py,165,2.77,128640
controlled_compute.py,166,2.71,128032
controlled_compute.py,167,3.12,128736
controlled_compute.py,168,2.57,128332
controlled_compute.py,169,2.32,128560
controlled_compute.py,170,2.34,128116
controlled_compute.py,171,2.31,128436
controlled_compute.py,172,2.26,128364
controlled_compute.py,173,2.24,128552
controlled_compute.py,174,2.26,128644
controlled_compute.py,175,2.27,128396
controlled_compute.py,176,2.36,128624
controlled_compute.py,177,3.0,128160
controlled_compute.py,178,2.51,128280
controlled_compute.py,179,2.85,128740
controlled_compute.py,180,2.01,128108
controlled_compute.py,181,1.89,128300
controlled_compute.py,182,1.87,128416
controlled_compute.py,183,1.82,128176
controlled_compute.py,184,1.83,128668
controlled_compute.py,185,1.82,128476
controlled_compute.py,186,1.88,128412
controlled_compute.py,187,1.85,128544
controlled_compute.py,188,1.83,128656
controlled_compute.py,189,1.83,128732
controlled_compute.py,190,2.06,128416
controlled_compute.py,191,2.36,128616
controlled_compute.py,192,2.31,128580
controlled_compute.py,193,1.95,128472
controlled_compute.py,194,1.9,128560
controlled_compute.py,195,2.37,128628
controlled_compute.py,196,3.04,128292
controlled_compute.py,197,3.05,128716
controlled_compute.py,198,2.88,128296
controlled_compute.py,199,3.11,128428
controlled_compute.py,200,2.69,128392
controlled_compute.py,201,1.99,128728
controlled_compute.py,202,2.63,128140
controlled_compute.py,203,2.32,128360
controlled_compute.py,204,2.76,128472
controlled_compute.py,205,2.49,128780
controlled_compute.py,206,2.08,128592
controlled_compute.py,207,2.04,128468
controlled_compute.py,208,2.21,128120
controlled_compute.py,209,2.58,128420
controlled_compute.py,210,2.41,128588
controlled_compute.py,211,2.39,128028
controlled_compute.py,212,2.53,128604
controlled_compute.py,213,2.38,128804
controlled_compute.py,214,2.66,128428
controlled_compute.py,215,2.14,128124
controlled_compute.py,216,2.09,128556
controlled_compute.py,217,2.31,128608
controlled_compute.py,218,2.11,128196
controlled_compute.py,219,2.3,128484
controlled_compute.py,220,2.84,128336
controlled_compute.py,221,2.54,128108
controlled_compute.py,222,2.39,128504
controlled_compute.py,223,2.72,127808
controlled_compute.py,224,2.54,128680
controlled_compute.py,225,2.55,128332
controlled_compute.py,226,2.39,128800
controlled_compute.py,227,2.44,128548
controlled_compute.py,228,2.34,128512
controlled_compute.py,229,2.43,128320
controlled_compute.py,230,2.31,128548
controlled_compute.py,231,2.83,128496
controlled_compute.py,232,3.08,128572
controlled_compute.py,233,2.49,128008
controlled_compute.py,234,2.18,128488
controlled_compute.py,235,2.25,128312
controlled_compute.py,236,2.14,128340
controlled_compute.py,237,2.18,128544
controlled_compute.py,238,2.23,127980
controlled_compute.py,239,2.35,128304
controlled_compute.py,240,2.32,128436
controlled_compute.py,241,2.3,128548
controlled_compute.py,242,2.56,127996
controlled_compute.py,243,2.59,128676
controlled_compute.py,244,3.08,128132
controlled_compute.py,245,2.51,128524
controlled_compute.py,246,2.44,128312
controlled_compute.py,247,2.59,128364
controlled_compute.py,248,2.49,128328
controlled_compute.py,249,2.28,128380
controlled_compute.py,250,2.49,128480
controlled_compute.py,251,2.41,128648
controlled_compute.py,252,2.51,128808
controlled_compute.py,253,2.9,128344
controlled_compute.py,254,2.44,128308
controlled_compute.py,255,2.51,128496
controlled_compute.py,256,2.37,128436
controlled_compute.py,257,2.32,128360
controlled_compute.py,258,2.46,128232
controlled_compute.py,259,2.67,128548
controlled_compute.py,260,2.48,128116
controlled_compute.py,261,2.48,128164
controlled_compute.py,262,2.33,128136
controlled_compute.py,263,2.14,128036
controlled_compute.py,264,1.92,128680
controlled_compute.py,265,2.18,128580
controlled_compute.py,266,2.3,128396
controlled_compute.py,267,2.91,128136
controlled_compute.py,268,2.91,128524
controlled_compute.py,269,2.57,128760
controlled_compute.py,270,2.52,128424
controlled_compute.py,271,2.36,128192
controlled_compute.py,272,2.72,128572
controlled_compute.py,273,2.53,128548
controlled_compute.py,274,2.52,128624
controlled_compute.py,275,2.54,128360
controlled_compute.py,276,2.69,128160
controlled_compute.py,277,2.94,128260
controlled_compute.py,278,1.92,128312
controlled_compute.py,279,1.89,128216
controlled_compute.py,280,1.86,128872
controlled_compute.py,281,1.88,128696
controlled_compute.py,282,1.87,128748
controlled_compute.py,283,1.83,129024
controlled_compute.py,284,1.84,128556
controlled_compute.py,285,1.83,128604
controlled_compute.py,286,1.85,128500
controlled_compute.py,287,1.86,128884
controlled_compute.py,288,1.86,128292
controlled_compute.py,289,1.86,128460
controlled_compute.py,290,1.86,128448
controlled_compute.py,291,1.9,128336
controlled_compute.py,292,1.84,128916
controlled_compute.py,293,1.85,128660
controlled_compute.py,294,1.87,128504
controlled_compute.py,295,1.84,128648
controlled_compute.py,296,1.84,128280
controlled_compute.py,297,1.94,128516
controlled_compute.py,298,1.84,128368
controlled_compute.py,299,2.07,128520
controlled_compute.py,300,1.84,128488
controlled_compute.py,301,1.81,128620
controlled_compute.py,302,1.82,128424
controlled_compute.py,303,1.86,128520
controlled_compute.py,304,1.84,128784
controlled_compute.py,305,1.84,128764
controlled_compute.py,306,1.84,128304
controlled_compute.py,307,1.83,128828
controlled_compute.py,308,1.84,128724
controlled_compute.py,309,1.94,128524
controlled_compute.py,310,1.84,128152
controlled_compute.py,311,1.84,128132
controlled_compute.py,312,1.87,128588
controlled_compute.py,313,1.82,128612
controlled_compute.py,314,1.83,128420
controlled_compute.py,315,1.83,128540
controlled_compute.py,316,1.86,128500
controlled_compute.py,317,1.82,128392
controlled_compute.py,318,1.84,128172
controlled_compute.py,319,1.85,128400
controlled_compute.py,320,1.86,128560
controlled_compute.py,321,1.83,128616
controlled_compute.py,322,1.82,128568
controlled_compute.py,323,1.83,128720
controlled_compute.py,324,1.83,128400
controlled_compute.py,325,1.85,128316
controlled_compute.py,326,1.87,128204
controlled_compute.py,327,1.82,128392
controlled_compute.py,328,1.82,128636
controlled_compute.py,329,1.89,128348
controlled_compute.py,330,1.82,128932
controlled_compute.py,331,1.82,128632
controlled_compute.py,332,1.84,128688
controlled_compute.py,333,1.82,128708
controlled_compute.py,334,1.85,128700
controlled_compute.py,335,1.85,128360
controlled_compute.py,336,1.85,128648
controlled_compute.py,337,1.83,128752
controlled_compute.py,338,1.84,128496
controlled_compute.py,339,1.82,128836
controlled_compute.py,340,1.82,128624
controlled_compute.py,341,1.86,128840
controlled_compute.py,342,1.86,128204
controlled_compute.py,343,1.8,128508
controlled_compute.py,344,1.79,128620
controlled_compute.py,345,1.8,128432
controlled_compute.py,346,1.85,128504
controlled_compute.py,347,1.84,128284
controlled_compute.py,348,1.83,128676
controlled_compute.py,349,1.8,128512
controlled_compute.py,350,1.8,128412
controlled_compute.py,351,1.84,128676
controlled_compute.py,352,1.82,128428
controlled_compute.py,353,1.82,128552
controlled_compute.py,354,1.83,128380
controlled_compute.py,355,1.89,128196
controlled_compute.py,356,1.83,128960
controlled_compute.py,357,1.8,128604
controlled_compute.py,358,1.85,128752
controlled_compute.py,359,1.85,128632
controlled_compute.py,360,1.82,128368
controlled_compute.py,361,1.83,128664
controlled_compute.py,362,1.85,128544
controlled_compute.py,363,1.84,128792
controlled_compute.py,364,1.84,128420
controlled_compute.py,365,1.81,128496
controlled_compute.py,366,1.8,128244
controlled_compute.py,367,1.8,128520
controlled_compute.py,368,1.85,128208
controlled_compute.py,369,1.83,128424
controlled_compute.py,370,1.84,128504
controlled_compute.py,371,1.82,128688
controlled_compute.py,372,1.82,128488
controlled_compute.py,373,1.8,128344
controlled_compute.py,374,1.87,128448
controlled_compute.py,375,1.81,128408
controlled_compute.py,376,1.83,128408
controlled_compute.py,377,1.83,128740
controlled_compute.py,378,1.83,128320
controlled_compute.py,379,1.82,128396
controlled_compute.py,380,1.85,128596
controlled_compute.py,381,1.8,128536
controlled_compute.py,382,1.94,128480
controlled_compute.py,383,1.84,128864
controlled_compute.py,384,1.82,128652
controlled_compute.py,385,1.84,128172
controlled_compute.py,386,1.8,128696
controlled_compute.py,387,1.83,128468
controlled_compute.py,388,1.81,128440
controlled_compute.py,389,1.81,128284
controlled_compute.py,390,1.82,128228
controlled_compute.py,391,1.81,128544
controlled_compute.py,392,1.82,129020
controlled_compute.py,393,1.81,128416
controlled_compute.py,394,1.89,128340
controlled_compute.py,395,1.81,128608
controlled_compute.py,396,1.82,128576
controlled_compute.py,397,1.83,128520
controlled_compute.py,398,1.81,128588
controlled_compute.py,399,1.8,128508
controlled_compute.py,400,1.83,128368
controlled_compute.py,401,1.81,128536
controlled_compute.py,402,1.81,128532
controlled_compute.py,403,1.84,128472
controlled_compute.py,404,1.81,128656
controlled_compute.py,405,1.82,128624
controlled_compute.py,406,1.91,128360
controlled_compute.py,407,1.86,128312
controlled_compute.py,408,1.79,128428
controlled_compute.py,409,1.83,128552
controlled_compute.py,410,1.82,128268
controlled_compute.py,411,1.85,128776
controlled_compute.py,412,1.82,128712
controlled_compute.py,413,1.82,128564
controlled_compute.py,414,1.83,128792
controlled_compute.py,415,1.79,128376
controlled_compute.py,416,1.82,128364
controlled_compute.py,417,1.8,128492
controlled_compute.py,418,1.79,128352
controlled_compute.py,419,1.83,128564
controlled_compute.py,420,1.82,128432
controlled_compute.py,421,1.82,128528
controlled_compute.py,422,1.85,128864
controlled_compute.py,423,1.81,128372
controlled_compute.py,424,1.83,128800
controlled_compute.py,425,1.81,128576
controlled_compute.py,426,1.83,128664
controlled_compute.py,427,1.91,128092
controlled_compute.py,428,1.85,128836
controlled_compute.py,429,1.79,128840
controlled_compute.py,430,1.8,128192
controlled_compute.py,431,1.81,129056
controlled_compute.py,432,1.81,128468
controlled_compute.py,433,1.82,128376
controlled_compute.py,434,1.81,128532
controlled_compute.py,435,1.8,128496
controlled_compute.py,436,1.96,128420
controlled_compute.py,437,2.32,128776
controlled_compute.py,438,2.72,128400
controlled_compute.py,439,2.49,128144
controlled_compute.py,440,2.44,128408
controlled_compute.py,441,2.28,128296
controlled_compute.py,442,1.95,128252
controlled_compute.py,443,2.23,128416
controlled_compute.py,444,2.36,128132
controlled_compute.py,445,2.24,128180
controlled_compute.py,446,1.83,127988
controlled_compute.py,447,1.84,128356
controlled_compute.py,448,1.81,128568
controlled_compute.py,449,1.85,128428
controlled_compute.py,450,2.4,128540
controlled_compute.py,451,2.32,128640
controlled_compute.py,452,2.54,128356
controlled_compute.py,453,2.24,128648
controlled_compute.py,454,2.05,128452
controlled_compute.py,455,1.88,128700
controlled_compute.py,456,1.91,128632
controlled_compute.py,457,1.8,128464
controlled_compute.py,458,1.82,128152
controlled_compute.py,459,1.91,128752
controlled_compute.py,460,2.0,128536
controlled_compute.py,461,1.91,128180
controlled_compute.py,462,1.85,128644
controlled_compute.py,463,1.83,128724
controlled_compute.py,464,1.89,128660
controlled_compute.py,465,2.03,128544
controlled_compute.py,466,2.11,128320
controlled_compute.py,467,2.45,128580
controlled_compute.py,468,2.31,128676
controlled_compute.py,469,2.49,128120
controlled_compute.py,470,2.15,128412
controlled_compute.py,471,2.22,128368
controlled_compute.py,472,2.22,128024
controlled_compute.py,473,2.21,128328
controlled_compute.py,474,2.2,128760
controlled_compute.py,475,2.5,128632
controlled_compute.py,476,3.02,128156
controlled_compute.py,477,2.77,128556
controlled_compute.py,478,2.43,128264
controlled_compute.py,479,2.18,128412
controlled_compute.py,480,2.45,128536
controlled_compute.py,481,2.53,128264
controlled_compute.py,482,2.57,128228
controlled_compute.py,483,2.4,128284
controlled_compute.py,484,2.47,128688
controlled_compute.py,485,2.82,128468
controlled_compute.py,486,2.85,128096
controlled_compute.py,487,3.21,128568
controlled_compute.py,488,2.68,128540
controlled_compute.py,489,2.24,128476
controlled_compute.py,490,3.11,128332
controlled_compute.py,491,2.6,128412
controlled_compute.py,492,2.8,128320
controlled_compute.py,493,2.67,128256
controlled_compute.py,494,2.63,128152
controlled_compute.py,495,2.79,128592
controlled_compute.py,496,3.46,128508
controlled_compute.py,497,3.01,128176
controlled_compute.py,498,2.46,127980
controlled_compute.py,499,2.66,128340
controlled_compute.py,500,2.26,128684
controlled_compute.py,501,1.9,128500
controlled_compute.py,502,1.84,128176
controlled_compute.py,503,1.84,128472
controlled_compute.py,504,1.8,128792
controlled_compute.py,505,1.81,128576
controlled_compute.py,506,1.79,128724
controlled_compute.py,507,1.86,128996
controlled_compute.py,508,1.83,128356
controlled_compute.py,509,1.82,128364
controlled_compute.py,510,1.83,128424
controlled_compute.py,511,1.83,128488
controlled_compute.py,512,1.82,128880
controlled_compute.py,513,1.83,128676
controlled_compute.py,514,1.82,128300
controlled_compute.py,515,1.83,128388
controlled_compute.py,516,1.83,128640
controlled_compute.py,517,1.84,128580
controlled_compute.py,518,2.01,128496
controlled_compute.py,519,1.9,128536
controlled_compute.py,520,1.83,128384
controlled_compute.py,521,1.81,128308
controlled_compute.py,522,1.84,128416
controlled_compute.py,523,1.79,128184
controlled_compute.py,524,1.85,128596
controlled_compute.py,525,1.81,128524
controlled_compute.py,526,1.83,128320
controlled_compute.py,527,1.84,128248
controlled_compute.py,528,1.82,128372
controlled_compute.py,529,1.81,128188
controlled_compute.py,530,1.85,128216
controlled_compute.py,531,1.86,128652
controlled_compute.py,532,1.84,128592
controlled_compute.py,533,1.83,128460
controlled_compute.py,534,1.84,128524
controlled_compute.py,535,1.81,128688
controlled_compute.py,536,1.84,128368
controlled_compute.py,537,1.82,128396
controlled_compute.py,538,1.81,128672
controlled_compute.py,539,1.86,128508
controlled_compute.py,540,1.95,128620
controlled_compute.py,541,1.85,128608
controlled_compute.py,542,1.83,128360
controlled_compute.py,543,1.83,128496
controlled_compute.py,544,1.81,128592
controlled_compute.py,545,1.83,128424
controlled_compute.py,546,1.83,128116
controlled_compute.py,547,1.8,128460
controlled_compute.py,548,1.81,128608
controlled_compute.py,549,1.85,128372
controlled_compute.py,550,1.83,128456
controlled_compute.py,551,1.89,128612
controlled_compute.py,552,1.84,128616
controlled_compute.py,553,1.84,128632
controlled_compute.py,554,1.86,128716
controlled_compute.py,555,1.81,128508
controlled_compute.py,556,1.79,128756
controlled_compute.py,557,1.85,128516
controlled_compute.py,558,1.8,128776
controlled_compute.py,559,1.82,128320
controlled_compute.py,560,1.95,128588
controlled_compute.py,561,1.86,128684
controlled_compute.py,562,1.82,128480
controlled_compute.py,563,1.85,128412
controlled_compute.py,564,1.81,128508
controlled_compute.py,565,1.83,128776
controlled_compute.py,566,1.8,129024
controlled_compute.py,567,1.83,128408
controlled_compute.py,568,1.82,128980
controlled_compute.py,569,1.81,128180
controlled_compute.py,570,1.82,128376
controlled_compute.py,571,1.84,128572
controlled_compute.py,572,1.85,128796
controlled_compute.py,573,1.81,128552
controlled_compute.py,574,1.82,128440
controlled_compute.py,575,1.84,128408
controlled_compute.py,576,1.86,128556
controlled_compute.py,577,1.83,128636
controlled_compute.py,578,1.82,128472
controlled_compute.py,579,1.82,128412
controlled_compute.py,580,1.83,128804
controlled_compute.py,581,1.83,128908
controlled_compute.py,582,1.84,128252
controlled_compute.py,583,1.79,128696
controlled_compute.py,584,1.89,128508
controlled_compute.py,585,1.83,128512
controlled_compute.py,586,1.82,128624
controlled_compute.py,587,1.83,128724
controlled_compute.py,588,1.83,128744
controlled_compute.py,589,1.86,128200
controlled_compute.py,590,1.85,128292
controlled_compute.py,591,1.82,128436
controlled_compute.py,592,1.8,128276
controlled_compute.py,593,1.79,128496
controlled_compute.py,594,1.83,128440
controlled_compute.py,595,1.78,128612
controlled_compute.py,596,1.83,128084
controlled_compute.py,597,1.84,128728
controlled_compute.py,598,1.81,128640
controlled_compute.py,599,1.81,128992
controlled_compute.py,600,1.98,128424
controlled_compute.py,601,1.87,128516
controlled_compute.py,602,1.84,128712
controlled_compute.py,603,1.84,128664
controlled_compute.py,604,1.85,128480
controlled_compute.py,605,1.85,128428
controlled_compute.py,606,1.82,128112
controlled_compute.py,607,1.87,128620
controlled_compute.py,608,1.9,128796
controlled_compute.py,609,1.85,128588
controlled_compute.py,610,1.8,128580
controlled_compute.py,611,1.86,128516
controlled_compute.py,612,1.8,128528
controlled_compute.py,613,1.82,128460
controlled_compute.py,614,1.85,128684
controlled_compute.py,615,1.83,129028
controlled_compute.py,616,1.8,128592
controlled_compute.py,617,1.79,128320
controlled_compute.py,618,1.82,128316
controlled_compute.py,619,1.81,128464
controlled_compute.py,620,1.96,128280
controlled_compute.py,621,1.89,128496
controlled_compute.py,622,1.85,128412
controlled_compute.py,623,1.83,128932
controlled_compute.py,624,1.84,128436
controlled_compute.py,625,1.81,128532
controlled_compute.py,626,1.79,128544
controlled_compute.py,627,1.83,128584
controlled_compute.py,628,1.83,128896
controlled_compute.py,629,1.8,128320
controlled_compute.py,630,1.84,128660
controlled_compute.py,631,1.83,128592
controlled_compute.py,632,1.84,128656
controlled_compute.py,633,1.79,128320
controlled_compute.py,634,1.81,128068
controlled_compute.py,635,1.8,128656
controlled_compute.py,636,1.8,128292
controlled_compute.py,637,1.86,128612
controlled_compute.py,638,1.81,128640
controlled_compute.py,639,1.83,128368
controlled_compute.py,640,1.86,128676
controlled_compute.py,641,1.83,128436
controlled_compute.py,642,1.81,128340
controlled_compute.py,643,1.8,128412
controlled_compute.py,644,1.81,128584
controlled_compute.py,645,1.84,128348
controlled_compute.py,646,1.81,128664
controlled_compute.py,647,1.83,128796
controlled_compute.py,648,1.82,128516
controlled_compute.py,649,1.86,128896
controlled_compute.py,650,1.81,128400
controlled_compute.py,651,1.79,128596
controlled_compute.py,652,1.82,128400
controlled_compute.py,653,1.8,128684
controlled_compute.py,654,1.8,127960
controlled_compute.py,655,1.83,128440
controlled_compute.py,656,1.82,128772
controlled_compute.py,657,1.82,128328
controlled_compute.py,658,1.79,128664
controlled_compute.py,659,1.82,128452
controlled_compute.py,660,1.95,127908
controlled_compute.py,661,1.85,128772
controlled_compute.py,662,1.82,128832
controlled_compute.py,663,1.82,128428
controlled_compute.py,664,1.83,128736
controlled_compute.py,665,1.82,128844
controlled_compute.py,666,1.82,128420
controlled_compute.py,667,1.78,128472
controlled_compute.py,668,1.8,128524
controlled_compute.py,669,1.84,128500
controlled_compute.py,670,1.83,128352
controlled_compute.py,671,1.82,128432
controlled_compute.py,672,1.81,128656
controlled_compute.py,673,1.8,128500
controlled_compute.py,674,1.82,128644
controlled_compute.py,675,1.8,128160
controlled_compute.py,676,1.83,128420
controlled_compute.py,677,1.82,128284
controlled_compute.py,678,1.81,128508
controlled_compute.py,679,1.81,128136
controlled_compute.py,680,1.84,128468
controlled_compute.py,681,1.79,128436
controlled_compute.py,682,1.87,128760
controlled_compute.py,683,1.81,128272
controlled_compute.py,684,1.77,128784
controlled_compute.py,685,1.81,128192
controlled_compute.py,686,1.78,128656
controlled_compute.py,687,1.83,128808
controlled_compute.py,688,1.81,128400
controlled_compute.py,689,1.79,128652
controlled_compute.py,690,1.79,128288
controlled_compute.py,691,1.81,128568
controlled_compute.py,692,1.83,128236
controlled_compute.py,693,1.84,128620
controlled_compute.py,694,1.8,128692
controlled_compute.py,695,1.81,128128
controlled_compute.py,696,1.83,128448
controlled_compute.py,697,1.8,128448
controlled_compute.py,698,1.83,128200
controlled_compute.py,699,1.82,128564
controlled_compute.py,700,2.0,128304
controlled_compute.py,701,1.85,128460
controlled_compute.py,702,1.89,128192
controlled_compute.py,703,1.8,128616
controlled_compute.py,704,1.82,128616
controlled_compute.py,705,1.81,128488
controlled_compute.py,706,1.79,128360
controlled_compute.py,707,1.79,128356
controlled_compute.py,708,1.82,128460
controlled_compute.py,709,1.82,128356
controlled_compute.py,710,1.83,128628
controlled_compute.py,711,1.81,128452
controlled_compute.py,712,1.78,128344
controlled_compute.py,713,1.83,128040
controlled_compute.py,714,1.86,128112
controlled_compute.py,715,1.85,128508
controlled_compute.py,716,1.78,128304
controlled_compute.py,717,1.77,128540
controlled_compute.py,718,1.81,128492
controlled_compute.py,719,1.81,128276
controlled_compute.py,720,1.82,128588
controlled_compute.py,721,1.83,128684
controlled_compute.py,722,1.81,128756
controlled_compute.py,723,1.83,128108
controlled_compute.py,724,1.81,128132
controlled_compute.py,725,1.81,128672
controlled_compute.py,726,1.82,128252
controlled_compute.py,727,1.83,128472
controlled_compute.py,728,1.82,128600
controlled_compute.py,729,1.83,128404
controlled_compute.py,730,1.82,128784
controlled_compute.py,731,1.81,128320
controlled_compute.py,732,1.81,128636
controlled_compute.py,733,1.81,128652
controlled_compute.py,734,1.8,128624
controlled_compute.py,735,1.88,128564
controlled_compute.py,736,1.82,128264
controlled_compute.py,737,1.82,128536
controlled_compute.py,738,1.98,128544
controlled_compute.py,739,2.28,128400
controlled_compute.py,740,2.34,127920
controlled_compute.py,741,2.46,128232
controlled_compute.py,742,2.42,128708
controlled_compute.py,743,2.79,128296
controlled_compute.py,744,2.87,128040
controlled_compute.py,745,2.51,128128
controlled_compute.py,746,2.22,128664
controlled_compute.py,747,2.42,128152
controlled_compute.py,748,3.18,128200
controlled_compute.py,749,3.48,128296
controlled_compute.py,750,2.64,128164
controlled_compute.py,751,3.41,127716
controlled_compute.py,752,3.02,128468
controlled_compute.py,753,2.97,128484
controlled_compute.py,754,2.51,128268
controlled_compute.py,755,2.45,128632
controlled_compute.py,756,3.11,128536
controlled_compute.py,757,2.63,127852
controlled_compute.py,758,2.26,128564
controlled_compute.py,759,2.5,128468
controlled_compute.py,760,2.34,128644
controlled_compute.py,761,2.29,128516
controlled_compute.py,762,2.39,128440
controlled_compute.py,763,2.52,128320
controlled_compute.py,764,2.79,128588
controlled_compute.py,765,2.19,128232
controlled_compute.py,766,1.84,128564
controlled_compute.py,767,1.85,128824
controlled_compute.py,768,1.89,128672
controlled_compute.py,769,1.82,128324
controlled_compute.py,770,1.84,128628
controlled_compute.py,771,1.83,128096
controlled_compute.py,772,1.84,128196
controlled_compute.py,773,1.85,128276
controlled_compute.py,774,1.85,128688
controlled_compute.py,775,1.83,128872
controlled_compute.py,776,1.78,128624
controlled_compute.py,777,1.79,128676
controlled_compute.py,778,1.81,128488
controlled_compute.py,779,1.83,128212
controlled_compute.py,780,1.98,128232
controlled_compute.py,781,1.94,128280
controlled_compute.py,782,1.85,128464
controlled_compute.py,783,1.82,128636
controlled_compute.py,784,1.86,128392
controlled_compute.py,785,1.82,128720
controlled_compute.py,786,1.82,128456
controlled_compute.py,787,1.83,128384
controlled_compute.py,788,1.86,128556
controlled_compute.py,789,1.8,128664
controlled_compute.py,790,1.83,128476
controlled_compute.py,791,1.79,128416
controlled_compute.py,792,1.8,128368
controlled_compute.py,793,1.83,128380
controlled_compute.py,794,1.83,128184
controlled_compute.py,795,1.82,128432
controlled_compute.py,796,1.82,128240
controlled_compute.py,797,1.82,128308
controlled_compute.py,798,1.85,128536
controlled_compute.py,799,1.81,128448
controlled_compute.py,800,1.83,128664
controlled_compute.py,801,1.84,128724
controlled_compute.py,802,1.83,128588
controlled_compute.py,803,1.82,128652
controlled_compute.py,804,1.98,128328
controlled_compute.py,805,1.81,128712
controlled_compute.py,806,1.82,128464
controlled_compute.py,807,1.81,128604
controlled_compute.py,808,1.81,128720
controlled_compute.py,809,1.81,128536
controlled_compute.py,810,1.83,128556
controlled_compute.py,811,1.84,128120
controlled_compute.py,812,1.8,128820
controlled_compute.py,813,1.83,128272
controlled_compute.py,814,1.82,128432
controlled_compute.py,815,1.84,128932
controlled_compute.py,816,1.84,128488
controlled_compute.py,817,1.82,128972
controlled_compute.py,818,1.81,128264
controlled_compute.py,819,1.83,128352
controlled_compute.py,820,1.93,128460
controlled_compute.py,821,1.9,128500
controlled_compute.py,822,1.84,128388
controlled_compute.py,823,1.82,128144
controlled_compute.py,824,1.8,128192
controlled_compute.py,825,1.81,128400
controlled_compute.py,826,1.83,128428
controlled_compute.py,827,1.82,128748
controlled_compute.py,828,1.82,128504
controlled_compute.py,829,1.82,128804
controlled_compute.py,830,1.84,128640
controlled_compute.py,831,1.81,128460
controlled_compute.py,832,1.84,128788
controlled_compute.py,833,1.94,128244
controlled_compute.py,834,1.83,128292
controlled_compute.py,835,1.81,128552
controlled_compute.py,836,1.82,128332
controlled_compute.py,837,1.82,128460
controlled_compute.py,838,1.81,128520
controlled_compute.py,839,1.84,128492
controlled_compute.py,840,1.82,128168
controlled_compute.py,841,1.83,128544
controlled_compute.py,842,1.81,128304
controlled_compute.py,843,1.83,128552
controlled_compute.py,844,1.85,128568
controlled_compute.py,845,1.81,128572
controlled_compute.py,846,1.8,128464
controlled_compute.py,847,1.85,128540
controlled_compute.py,848,1.81,128296
controlled_compute.py,849,1.82,128644
controlled_compute.py,850,1.84,128448
controlled_compute.py,851,1.84,128500
controlled_compute.py,852,1.82,128372
controlled_compute.py,853,1.86,128484
controlled_compute.py,854,1.8,128464
controlled_compute.py,855,1.79,128548
controlled_compute.py,856,1.82,128484
controlled_compute.py,857,1.8,128840
controlled_compute.py,858,1.81,128832
controlled_compute.py,859,1.8,128264
controlled_compute.py,860,1.93,128316
controlled_compute.py,861,1.85,128288
controlled_compute.py,862,1.86,128588
controlled_compute.py,863,1.85,128832
controlled_compute.py,864,1.83,128736
controlled_compute.py,865,1.8,128480
controlled_compute.py,866,1.85,128280
controlled_compute.py,867,1.81,128312
controlled_compute.py,868,1.83,128216
controlled_compute.py,869,1.84,128688
controlled_compute.py,870,1.82,128632
controlled_compute.py,871,1.83,128772
controlled_compute.py,872,1.82,129116
controlled_compute.py,873,1.83,128868
controlled_compute.py,874,1.82,129068
controlled_compute.py,875,1.84,128456
controlled_compute.py,876,1.82,128668
controlled_compute.py,877,1.82,128684
controlled_compute.py,878,1.83,128340
controlled_compute.py,879,1.82,128744
controlled_compute.py,880,1.83,128540
controlled_compute.py,881,1.82,128300
controlled_compute.py,882,1.83,128176
controlled_compute.py,883,1.83,128496
controlled_compute.py,884,1.81,128340
controlled_compute.py,885,1.81,128500
controlled_compute.py,886,1.85,128704
controlled_compute.py,887,1.8,128364
controlled_compute.py,888,1.82,128608
controlled_compute.py,889,1.82,128604
controlled_compute.py,890,1.8,128288
controlled_compute.py,891,1.82,128132
controlled_compute.py,892,1.83,128272
controlled_compute.py,893,1.82,128772
controlled_compute.py,894,1.78,128676
controlled_compute.py,895,1.8,128952
controlled_compute.py,896,1.8,128744
controlled_compute.py,897,1.82,128316
controlled_compute.py,898,2.0,128960
controlled_compute.py,899,1.83,128648
controlled_compute.py,900,1.81,128748
controlled_compute.py,901,1.79,128652
controlled_compute.py,902,1.82,128452
controlled_compute.py,903,1.83,128784
controlled_compute.py,904,1.8,128988
controlled_compute.py,905,1.81,128664
controlled_compute.py,906,1.82,128392
controlled_compute.py,907,1.81,128576
controlled_compute.py,908,1.86,128108
controlled_compute.py,909,1.81,128432
controlled_compute.py,910,1.84,128452
controlled_compute.py,911,1.81,128808
controlled_compute.py,912,1.81,128588
controlled_compute.py,913,1.81,128868
controlled_compute.py,914,1.84,128452
controlled_compute.py,915,1.86,128144
controlled_compute.py,916,1.81,128156
controlled_compute.py,917,1.82,129044
controlled_compute.py,918,1.82,128640
controlled_compute.py,919,1.87,128532
controlled_compute.py,920,1.91,128768
controlled_compute.py,921,1.84,128384
controlled_compute.py,922,1.82,128532
controlled_compute.py,923,1.82,128332
controlled_compute.py,924,1.83,129040
controlled_compute.py,925,1.81,128904
controlled_compute.py,926,1.82,128916
controlled_compute.py,927,1.82,128272
controlled_compute.py,928,1.84,128112
controlled_compute.py,929,1.81,128292
controlled_compute.py,930,1.81,128636
controlled_compute.py,931,1.91,128552
controlled_compute.py,932,1.82,128428
controlled_compute.py,933,1.78,128144
controlled_compute.py,934,1.82,128788
controlled_compute.py,935,1.8,128212
controlled_compute.py,936,1.82,128296
controlled_compute.py,937,1.83,128352
controlled_compute.py,938,1.83,128808
controlled_compute.py,939,1.82,128696
controlled_compute.py,940,1.92,128552
controlled_compute.py,941,1.89,128704
controlled_compute.py,942,1.85,128584
controlled_compute.py,943,1.81,128448
controlled_compute.py,944,1.81,128416
controlled_compute.py,945,1.81,128392
controlled_compute.py,946,1.84,128736
controlled_compute.py,947,1.85,128468
controlled_compute.py,948,1.83,128112
controlled_compute.py,949,1.84,128624
controlled_compute.py,950,1.82,128360
controlled_compute.py,951,1.86,128152
controlled_compute.py,952,1.81,128864
controlled_compute.py,953,1.82,128660
controlled_compute.py,954,1.81,128288
controlled_compute.py,955,1.8,128464
controlled_compute.py,956,1.83,128380
controlled_compute.py,957,1.81,128528
controlled_compute.py,958,1.92,128472
controlled_compute.py,959,1.83,128848
controlled_compute.py,960,1.95,128508
controlled_compute.py,961,1.83,128528
controlled_compute.py,962,1.83,129052
controlled_compute.py,963,1.83,128256
controlled_compute.py,964,1.9,128432
controlled_compute.py,965,1.82,128360
controlled_compute.py,966,1.82,128216
controlled_compute.py,967,1.83,128732
controlled_compute.py,968,1.82,128736
controlled_compute.py,969,1.81,128528
controlled_compute.py,970,1.82,128472
controlled_compute.py,971,1.79,128280
controlled_compute.py,972,1.83,128288
controlled_compute.py,973,1.84,128584
controlled_compute.py,974,1.84,128372
controlled_compute.py,975,1.77,128652
controlled_compute.py,976,1.82,128348
controlled_compute.py,977,1.83,128532
controlled_compute.py,978,1.8,128672
controlled_compute.py,979,1.85,128272
controlled_compute.py,980,1.94,128048
controlled_compute.py,981,1.86,128468
controlled_compute.py,982,1.83,128452
controlled_compute.py,983,1.83,128380
controlled_compute.py,984,1.88,128892
controlled_compute.py,985,1.84,128356
controlled_compute.py,986,1.82,128716
controlled_compute.py,987,1.8,128620
controlled_compute.py,988,1.79,128424
controlled_compute.py,989,1.81,128140
controlled_compute.py,990,1.82,128380
controlled_compute.py,991,1.83,128208
controlled_compute.py,992,1.82,128268
controlled_compute.py,993,1.82,128580
controlled_compute.py,994,1.82,128292
controlled_compute.py,995,1.81,128784
controlled_compute.py,996,1.88,128276
controlled_compute.py,997,1.79,128420
controlled_compute.py,998,1.78,128256
controlled_compute.py,999,1.8,128756
controlled_compute.py,1000,1.83,128520
controlled_compute.R,1,5.22,126532
controlled_compute.R,2,5.16,126544
controlled_compute.R,3,5.19,126472
controlled_compute.R,4,5.49,126716
controlled_compute.R,5,7.25,126048
controlled_compute.R,6,7.45,126396
controlled_compute.R,7,6.26,126552
controlled_compute.R,8,6.39,126524
controlled_compute.R,9,6.24,126176
controlled_compute.R,10,5.26,126584
controlled_compute.R,11,5.35,126584
controlled_compute.R,12,5.24,126740
controlled_compute.R,13,5.17,126624
controlled_compute.R,14,5.21,126392
controlled_compute.R,15,5.7,126460
controlled_compute.R,16,5.24,126720
controlled_compute.R,17,5.26,126804
controlled_compute.R,18,5.22,126628
controlled_compute.R,19,5.21,126584
controlled_compute.R,20,5.37,126508
controlled_compute.R,21,5.19,126632
controlled_compute.R,22,5.63,126508
controlled_compute.R,23,5.24,126568
controlled_compute.R,24,5.25,126604
controlled_compute.R,25,5.27,126564
controlled_compute.R,26,5.22,126480
controlled_compute.R,27,5.26,126564
controlled_compute.R,28,5.22,126420
controlled_compute.R,29,6.41,126576
controlled_compute.R,30,6.45,126712
controlled_compute.R,31,5.89,126352
controlled_compute.R,32,5.24,126548
controlled_compute.R,33,5.25,126392
controlled_compute.R,34,5.25,126212
controlled_compute.R,35,5.28,126724
controlled_compute.R,36,5.29,126560
controlled_compute.R,37,5.24,126692
controlled_compute.R,38,5.27,126624
controlled_compute.R,39,5.19,126576
controlled_compute.R,40,5.28,126508
controlled_compute.R,41,5.24,126576
controlled_compute.R,42,5.15,126576
controlled_compute.R,43,5.23,126576
controlled_compute.R,44,5.22,126588
controlled_compute.R,45,5.27,126628
controlled_compute.R,46,5.96,126488
controlled_compute.R,47,5.14,126720
controlled_compute.R,48,5.22,126544
controlled_compute.R,49,5.24,126720
controlled_compute.R,50,5.23,126524
controlled_compute.R,51,5.15,126616
controlled_compute.R,52,5.19,126476
controlled_compute.R,53,5.24,126592
controlled_compute.R,54,5.25,126248
controlled_compute.R,55,5.18,126708
controlled_compute.R,56,5.24,126368
controlled_compute.R,57,5.21,126664
controlled_compute.R,58,5.38,126724
controlled_compute.R,59,5.21,126624
controlled_compute.R,60,5.49,126384
controlled_compute.R,61,5.23,126752
controlled_compute.R,62,5.22,126604
controlled_compute.R,63,5.2,126580
controlled_compute.R,64,5.23,126456
controlled_compute.R,65,5.2,126640
controlled_compute.R,66,5.2,126380
controlled_compute.R,67,5.16,126712
controlled_compute.R,68,5.15,126644
controlled_compute.R,69,5.34,126652
controlled_compute.R,70,5.19,126444
controlled_compute.R,71,5.21,126584
controlled_compute.R,72,5.3,126688
controlled_compute.R,73,5.17,126492
controlled_compute.R,74,5.2,126712
controlled_compute.R,75,5.27,126640
controlled_compute.R,76,5.23,126704
controlled_compute.R,77,5.15,126500
controlled_compute.R,78,5.2,126640
controlled_compute.R,79,5.32,126708
controlled_compute.R,80,5.24,126456
controlled_compute.R,81,5.27,126396
controlled_compute.R,82,5.23,126648
controlled_compute.R,83,5.36,126612
controlled_compute.R,84,5.25,126620
controlled_compute.R,85,5.33,126292
controlled_compute.R,86,5.22,126692
controlled_compute.R,87,5.21,126628
controlled_compute.R,88,5.2,126628
controlled_compute.R,89,5.3,126588
controlled_compute.R,90,5.32,126532
controlled_compute.R,91,5.19,126660
controlled_compute.R,92,5.23,126112
controlled_compute.R,93,5.27,126688
controlled_compute.R,94,5.22,126540
controlled_compute.R,95,5.32,126692
controlled_compute.R,96,5.24,126732
controlled_compute.R,97,5.34,126460
controlled_compute.R,98,5.34,126540
controlled_compute.R,99,5.2,126508
controlled_compute.R,100,5.24,126608
controlled_compute.R,101,5.27,126568
controlled_compute.R,102,5.32,126716
controlled_compute.R,103,5.22,126576
controlled_compute.R,104,5.24,126708
controlled_compute.R,105,5.21,126544
controlled_compute.R,106,5.31,126740
controlled_compute.R,107,5.21,126628
controlled_compute.R,108,5.23,126800
controlled_compute.R,109,5.19,126708
controlled_compute.R,110,5.27,126508
controlled_compute.R,111,5.21,126548
controlled_compute.R,112,5.33,126456
controlled_compute.R,113,5.29,126584
controlled_compute.R,114,5.19,126692
controlled_compute.R,115,5.17,126624
controlled_compute.R,116,5.24,126552
controlled_compute.R,117,5.32,126580
controlled_compute.R,118,5.28,126368
controlled_compute.R,119,5.33,126412
controlled_compute.R,120,5.34,126744
controlled_compute.R,121,5.21,126604
controlled_compute.R,122,5.3,126564
controlled_compute.R,123,5.2,126612
controlled_compute.R,124,5.26,126476
controlled_compute.R,125,5.33,126508
controlled_compute.R,126,5.19,126844
controlled_compute.R,127,5.33,126528
controlled_compute.R,128,5.23,126776
controlled_compute.R,129,5.24,126744
controlled_compute.R,130,5.23,126484
controlled_compute.R,131,5.27,126588
controlled_compute.R,132,5.26,126412
controlled_compute.R,133,5.24,126776
controlled_compute.R,134,5.32,126700
controlled_compute.R,135,5.25,126476
controlled_compute.R,136,5.23,126480
controlled_compute.R,137,5.23,126432
controlled_compute.R,138,5.28,126772
controlled_compute.R,139,5.24,126472
controlled_compute.R,140,5.26,126516
controlled_compute.R,141,5.26,126604
controlled_compute.R,142,5.23,126580
controlled_compute.R,143,5.27,126296
controlled_compute.R,144,5.3,126340
controlled_compute.R,145,5.25,126640
controlled_compute.R,146,5.27,126420
controlled_compute.R,147,5.3,126728
controlled_compute.R,148,5.27,126584
controlled_compute.R,149,5.25,126540
controlled_compute.R,150,5.25,126324
controlled_compute.R,151,5.25,126296
controlled_compute.R,152,5.27,126452
controlled_compute.R,153,5.26,126524
controlled_compute.R,154,5.28,126620
controlled_compute.R,155,5.28,126492
controlled_compute.R,156,5.25,126548
controlled_compute.R,157,5.18,126660
controlled_compute.R,158,5.16,126608
controlled_compute.R,159,5.27,126492
controlled_compute.R,160,5.34,126600
controlled_compute.R,161,5.3,126544
controlled_compute.R,162,5.25,126644
controlled_compute.R,163,5.3,126584
controlled_compute.R,164,5.27,126636
controlled_compute.R,165,5.28,126836
controlled_compute.R,166,5.28,126856
controlled_compute.R,167,5.21,126572
controlled_compute.R,168,5.3,126616
controlled_compute.R,169,5.29,126736
controlled_compute.R,170,5.25,126476
controlled_compute.R,171,5.24,126576
controlled_compute.R,172,5.29,126612
controlled_compute.R,173,5.3,126692
controlled_compute.R,174,5.34,126724
controlled_compute.R,175,5.23,126636
controlled_compute.R,176,5.25,126640
controlled_compute.R,177,5.23,126656
controlled_compute.R,178,5.29,126544
controlled_compute.R,179,5.19,126720
controlled_compute.R,180,5.35,126648
controlled_compute.R,181,5.29,126476
controlled_compute.R,182,5.24,126728
controlled_compute.R,183,5.21,126516
controlled_compute.R,184,5.26,126420
controlled_compute.R,185,5.22,126400
controlled_compute.R,186,5.32,126736
controlled_compute.R,187,5.26,126308
controlled_compute.R,188,5.25,126596
controlled_compute.R,189,5.24,126588
controlled_compute.R,190,5.21,126584
controlled_compute.R,191,5.25,126572
controlled_compute.R,192,5.22,126864
controlled_compute.R,193,5.18,126516
controlled_compute.R,194,5.14,126576
controlled_compute.R,195,5.19,126496
controlled_compute.R,196,5.2,126684
controlled_compute.R,197,5.25,126376
controlled_compute.R,198,5.27,126684
controlled_compute.R,199,5.23,126348
controlled_compute.R,200,5.23,126764
controlled_compute.R,201,5.17,126804
controlled_compute.R,202,5.39,126160
controlled_compute.R,203,6.65,126104
controlled_compute.R,204,7.55,126616
controlled_compute.R,205,6.59,126476
controlled_compute.R,206,6.18,126740
controlled_compute.R,207,6.11,126444
controlled_compute.R,208,5.9,126448
controlled_compute.R,209,5.62,126572
controlled_compute.R,210,5.46,126712
controlled_compute.R,211,5.56,126388
controlled_compute.R,212,5.45,126644
controlled_compute.R,213,6.8,126568
controlled_compute.R,214,5.62,126492
controlled_compute.R,215,6.25,126740
controlled_compute.R,216,7.17,126516
controlled_compute.R,217,6.69,126416
controlled_compute.R,218,5.64,126468
controlled_compute.R,219,5.24,126680
controlled_compute.R,220,5.41,126408
controlled_compute.R,221,5.22,126496
controlled_compute.R,222,5.25,126684
controlled_compute.R,223,5.3,126448
controlled_compute.R,224,5.25,126616
controlled_compute.R,225,5.24,126600
controlled_compute.R,226,5.15,126704
controlled_compute.R,227,5.24,126608
controlled_compute.R,228,5.34,126508
controlled_compute.R,229,5.21,126856
controlled_compute.R,230,5.6,126240
controlled_compute.R,231,5.26,126712
controlled_compute.R,232,5.17,126432
controlled_compute.R,233,5.25,126444
controlled_compute.R,234,5.21,126616
controlled_compute.R,235,5.25,126604
controlled_compute.R,236,5.17,126592
controlled_compute.R,237,5.19,126652
controlled_compute.R,238,5.28,126644
controlled_compute.R,239,5.26,126516
controlled_compute.R,240,5.28,126716
controlled_compute.R,241,6.06,126368
controlled_compute.R,242,5.18,126204
controlled_compute.R,243,5.26,126716
controlled_compute.R,244,5.24,126524
controlled_compute.R,245,5.19,126540
controlled_compute.R,246,5.23,126432
controlled_compute.R,247,5.27,126316
controlled_compute.R,248,5.25,126348
controlled_compute.R,249,5.24,126772
controlled_compute.R,250,5.24,126704
controlled_compute.R,251,5.26,126408
controlled_compute.R,252,5.22,126692
controlled_compute.R,253,5.18,126704
controlled_compute.R,254,5.2,126824
controlled_compute.R,255,5.27,126416
controlled_compute.R,256,5.2,126712
controlled_compute.R,257,5.2,126724
controlled_compute.R,258,5.32,126424
controlled_compute.R,259,5.24,126588
controlled_compute.R,260,5.26,126560
controlled_compute.R,261,5.17,126712
controlled_compute.R,262,5.19,126512
controlled_compute.R,263,5.26,126632
controlled_compute.R,264,5.29,126576
controlled_compute.R,265,5.24,126708
controlled_compute.R,266,5.25,126720
controlled_compute.R,267,6.19,126500
controlled_compute.R,268,5.29,126688
controlled_compute.R,269,5.32,126472
controlled_compute.R,270,6.17,126564
controlled_compute.R,271,7.38,126072
controlled_compute.R,272,7.29,126596
controlled_compute.R,273,7.64,126208
controlled_compute.R,274,6.33,126628
controlled_compute.R,275,7.67,126180
controlled_compute.R,276,7.39,126304
controlled_compute.R,277,8.35,126424
controlled_compute.R,278,8.22,126500
controlled_compute.R,279,8.5,126620
controlled_compute.R,280,8.3,126540
controlled_compute.R,281,7.96,126420
controlled_compute.R,282,7.3,126508
controlled_compute.R,283,7.34,126392
controlled_compute.R,284,7.21,126580
controlled_compute.R,285,7.64,126436
controlled_compute.R,286,8.26,126264
controlled_compute.R,287,8.25,126572
controlled_compute.R,288,8.36,126172
controlled_compute.R,289,8.35,126160
controlled_compute.R,290,7.9,126636
controlled_compute.R,291,7.1,126220
controlled_compute.R,292,7.39,126396
controlled_compute.R,293,7.53,126156
controlled_compute.R,294,8.49,126228
controlled_compute.R,295,7.48,126168
controlled_compute.R,296,6.86,126372
controlled_compute.R,297,7.1,126352
controlled_compute.R,298,6.38,126468
controlled_compute.R,299,7.41,126468
controlled_compute.R,300,7.22,126312
controlled_compute.R,301,8.56,126472
controlled_compute.R,302,8.64,126292
controlled_compute.R,303,7.25,126004
controlled_compute.R,304,6.07,126452
controlled_compute.R,305,6.69,126432
controlled_compute.R,306,7.09,126420
controlled_compute.R,307,6.9,126484
controlled_compute.R,308,7.19,126388
controlled_compute.R,309,6.57,126520
controlled_compute.R,310,6.84,126436
controlled_compute.R,311,7.16,126392
controlled_compute.R,312,7.18,126592
controlled_compute.R,313,6.62,126476
controlled_compute.R,314,6.47,126512
controlled_compute.R,315,6.29,126616
controlled_compute.R,316,6.97,126248
controlled_compute.R,317,6.39,126516
controlled_compute.R,318,6.01,126636
controlled_compute.R,319,6.6,126332
controlled_compute.R,320,6.3,126644
controlled_compute.R,321,5.75,126860
controlled_compute.R,322,6.23,126456
controlled_compute.R,323,6.46,126412
controlled_compute.R,324,6.7,126528
controlled_compute.R,325,6.69,126456
controlled_compute.R,326,6.57,126424
controlled_compute.R,327,6.79,126272
controlled_compute.R,328,7.19,126616
controlled_compute.R,329,7.37,126532
controlled_compute.R,330,6.78,126328
controlled_compute.R,331,6.59,126352
controlled_compute.R,332,5.74,126680
controlled_compute.R,333,5.59,126432
controlled_compute.R,334,5.46,126520
controlled_compute.R,335,5.53,126556
controlled_compute.R,336,5.58,126600
controlled_compute.R,337,5.58,126496
controlled_compute.R,338,5.54,126392
controlled_compute.R,339,5.52,126268
controlled_compute.R,340,6.24,126592
controlled_compute.R,341,5.64,126420
controlled_compute.R,342,5.41,126636
controlled_compute.R,343,5.65,126200
controlled_compute.R,344,5.57,126440
controlled_compute.R,345,5.47,126760
controlled_compute.R,346,5.45,126580
controlled_compute.R,347,5.49,126492
controlled_compute.R,348,5.57,126728
controlled_compute.R,349,5.53,126592
controlled_compute.R,350,5.55,126744
controlled_compute.R,351,5.56,126596
controlled_compute.R,352,5.51,126604
controlled_compute.R,353,5.4,126784
controlled_compute.R,354,5.46,126592
controlled_compute.R,355,5.49,126320
controlled_compute.R,356,5.48,126576
controlled_compute.R,357,5.5,126448
controlled_compute.R,358,5.52,126580
controlled_compute.R,359,5.5,126428
controlled_compute.R,360,5.58,126540
controlled_compute.R,361,5.51,126656
controlled_compute.R,362,5.5,126692
controlled_compute.R,363,5.51,126536
controlled_compute.R,364,5.52,126348
controlled_compute.R,365,5.47,126504
controlled_compute.R,366,5.46,126312
controlled_compute.R,367,5.59,126624
controlled_compute.R,368,5.47,126228
controlled_compute.R,369,5.44,126492
controlled_compute.R,370,5.71,126476
controlled_compute.R,371,5.47,126740
controlled_compute.R,372,5.42,126712
controlled_compute.R,373,5.51,126548
controlled_compute.R,374,5.54,126732
controlled_compute.R,375,5.49,126604
controlled_compute.R,376,5.46,126612
controlled_compute.R,377,5.47,126560
controlled_compute.R,378,5.45,126416
controlled_compute.R,379,5.5,126724
controlled_compute.R,380,5.54,126432
controlled_compute.R,381,5.53,126548
controlled_compute.R,382,5.51,126388
controlled_compute.R,383,5.43,126572
controlled_compute.R,384,5.4,126384
controlled_compute.R,385,5.51,126748
controlled_compute.R,386,5.58,126576
controlled_compute.R,387,5.45,126216
controlled_compute.R,388,5.65,126680
controlled_compute.R,389,5.55,126456
controlled_compute.R,390,5.49,126772
controlled_compute.R,391,5.52,126364
controlled_compute.R,392,5.5,126352
controlled_compute.R,393,5.48,126584
controlled_compute.R,394,5.49,126304
controlled_compute.R,395,5.46,126472
controlled_compute.R,396,5.45,126584
controlled_compute.R,397,5.45,126624
controlled_compute.R,398,5.5,126732
controlled_compute.R,399,5.49,126736
controlled_compute.R,400,5.74,126228
controlled_compute.R,401,5.53,126548
controlled_compute.R,402,5.48,126616
controlled_compute.R,403,5.48,126720
controlled_compute.R,404,5.53,126708
controlled_compute.R,405,5.44,126668
controlled_compute.R,406,5.52,126708
controlled_compute.R,407,5.64,126732
controlled_compute.R,408,5.59,126688
controlled_compute.R,409,5.52,126368
controlled_compute.R,410,5.56,126576
controlled_compute.R,411,5.62,126704
controlled_compute.R,412,5.52,126772
controlled_compute.R,413,5.52,126644
controlled_compute.R,414,5.54,126568
controlled_compute.R,415,5.49,126548
controlled_compute.R,416,5.55,126688
controlled_compute.R,417,5.41,126504
controlled_compute.R,418,5.69,126664
controlled_compute.R,419,5.52,126776
controlled_compute.R,420,5.5,126648
controlled_compute.R,421,5.49,126696
controlled_compute.R,422,5.45,126500
controlled_compute.R,423,5.52,126672
controlled_compute.R,424,5.6,126576
controlled_compute.R,425,5.56,126508
controlled_compute.R,426,5.44,126688
controlled_compute.R,427,5.42,126708
controlled_compute.R,428,5.59,126652
controlled_compute.R,429,5.44,126668
controlled_compute.R,430,5.55,126608
controlled_compute.R,431,5.64,126640
controlled_compute.R,432,5.41,126616
controlled_compute.R,433,5.43,126520
controlled_compute.R,434,5.55,126536
controlled_compute.R,435,5.64,126612
controlled_compute.R,436,5.48,126436
controlled_compute.R,437,5.44,126420
controlled_compute.R,438,5.45,126352
controlled_compute.R,439,5.68,126752
controlled_compute.R,440,5.75,126420
controlled_compute.R,441,5.6,126580
controlled_compute.R,442,5.52,126696
controlled_compute.R,443,5.48,126628
controlled_compute.R,444,5.59,126400
controlled_compute.R,445,5.57,126468
controlled_compute.R,446,5.47,126576
controlled_compute.R,447,5.42,126648
controlled_compute.R,448,5.38,126604
controlled_compute.R,449,5.43,126688
controlled_compute.R,450,5.65,126656
controlled_compute.R,451,5.75,126480
controlled_compute.R,452,6.54,126580
controlled_compute.R,453,7.14,126412
controlled_compute.R,454,6.6,126620
controlled_compute.R,455,5.76,126500
controlled_compute.R,456,7.52,126468
controlled_compute.R,457,6.98,126524
controlled_compute.R,458,6.4,126360
controlled_compute.R,459,6.63,126464
controlled_compute.R,460,6.91,126004
controlled_compute.R,461,6.13,126540
controlled_compute.R,462,6.0,126708
controlled_compute.R,463,6.29,126408
controlled_compute.R,464,5.87,126480
controlled_compute.R,465,5.65,126708
controlled_compute.R,466,5.52,126744
controlled_compute.R,467,5.5,126288
controlled_compute.R,468,5.46,126588
controlled_compute.R,469,5.57,126300
controlled_compute.R,470,5.43,126388
controlled_compute.R,471,5.55,126448
controlled_compute.R,472,5.52,126592
controlled_compute.R,473,5.48,126720
controlled_compute.R,474,5.53,126580
controlled_compute.R,475,5.42,126584
controlled_compute.R,476,5.51,126644
controlled_compute.R,477,5.49,126600
controlled_compute.R,478,5.66,126488
controlled_compute.R,479,5.47,126352
controlled_compute.R,480,5.61,126544
controlled_compute.R,481,5.43,126616
controlled_compute.R,482,5.42,126316
controlled_compute.R,483,5.57,126580
controlled_compute.R,484,5.55,126608
controlled_compute.R,485,5.43,126336
controlled_compute.R,486,5.49,126512
controlled_compute.R,487,5.49,126688
controlled_compute.R,488,5.54,126680
controlled_compute.R,489,5.55,126848
controlled_compute.R,490,5.51,126612
controlled_compute.R,491,5.53,126504
controlled_compute.R,492,5.5,126508
controlled_compute.R,493,5.56,126480
controlled_compute.R,494,5.62,126720
controlled_compute.R,495,5.51,126856
controlled_compute.R,496,5.5,126724
controlled_compute.R,497,5.58,126420
controlled_compute.R,498,5.55,126524
controlled_compute.R,499,5.53,126716
controlled_compute.R,500,5.49,126456
controlled_compute.R,501,5.66,126572
controlled_compute.R,502,5.51,126648
controlled_compute.R,503,5.42,126616
controlled_compute.R,504,5.62,126408
controlled_compute.R,505,5.56,126572
controlled_compute.R,506,5.54,126532
controlled_compute.R,507,5.45,126368
controlled_compute.R,508,5.55,126676
controlled_compute.R,509,5.54,126404
controlled_compute.R,510,5.44,126588
controlled_compute.R,511,5.52,126680
controlled_compute.R,512,5.5,126416
controlled_compute.R,513,5.56,126556
controlled_compute.R,514,5.44,126692
controlled_compute.R,515,5.47,126244
controlled_compute.R,516,5.51,126476
controlled_compute.R,517,5.52,126584
controlled_compute.R,518,5.63,126592
controlled_compute.R,519,5.47,126564
controlled_compute.R,520,5.43,126368
controlled_compute.R,521,5.49,126700
controlled_compute.R,522,5.54,126724
controlled_compute.R,523,5.49,126388
controlled_compute.R,524,5.6,126436
controlled_compute.R,525,5.46,126512
controlled_compute.R,526,5.6,126740
controlled_compute.R,527,5.55,126488
controlled_compute.R,528,5.56,126592
controlled_compute.R,529,5.55,126604
controlled_compute.R,530,5.54,126588
controlled_compute.R,531,5.43,126604
controlled_compute.R,532,5.51,126600
controlled_compute.R,533,5.55,126520
controlled_compute.R,534,5.5,126476
controlled_compute.R,535,5.4,126580
controlled_compute.R,536,5.52,126516
controlled_compute.R,537,5.39,126588
controlled_compute.R,538,5.4,126612
controlled_compute.R,539,5.47,126356
controlled_compute.R,540,5.55,126308
controlled_compute.R,541,5.56,126708
controlled_compute.R,542,5.5,126456
controlled_compute.R,543,5.56,126468
controlled_compute.R,544,5.61,126464
controlled_compute.R,545,5.49,126664
controlled_compute.R,546,5.58,126636
controlled_compute.R,547,5.55,126420
controlled_compute.R,548,5.5,126516
controlled_compute.R,549,5.52,126532
controlled_compute.R,550,5.5,126668
controlled_compute.R,551,5.52,126708
controlled_compute.R,552,5.62,126732
controlled_compute.R,553,5.57,126364
controlled_compute.R,554,5.5,126292
controlled_compute.R,555,5.56,126648
controlled_compute.R,556,5.56,126708
controlled_compute.R,557,5.5,126424
controlled_compute.R,558,5.52,126708
controlled_compute.R,559,5.43,126584
controlled_compute.R,560,5.5,126520
controlled_compute.R,561,5.44,126548
controlled_compute.R,562,5.53,126556
controlled_compute.R,563,5.5,126396
controlled_compute.R,564,5.58,126360
controlled_compute.R,565,5.46,126780
controlled_compute.R,566,5.51,126600
controlled_compute.R,567,5.46,126580
controlled_compute.R,568,5.56,126644
controlled_compute.R,569,5.46,126600
controlled_compute.R,570,5.45,126436
controlled_compute.R,571,5.49,126536
controlled_compute.R,572,5.48,126468
controlled_compute.R,573,5.56,126532
controlled_compute.R,574,5.65,126412
controlled_compute.R,575,5.47,126476
controlled_compute.R,576,5.47,126560
controlled_compute.R,577,5.46,126604
controlled_compute.R,578,5.58,126332
controlled_compute.R,579,5.54,126388
controlled_compute.R,580,5.42,126472
controlled_compute.R,581,5.54,126508
controlled_compute.R,582,5.46,126472
controlled_compute.R,583,5.56,126592
controlled_compute.R,584,5.44,126440
controlled_compute.R,585,5.52,126548
controlled_compute.R,586,5.49,126636
controlled_compute.R,587,5.47,126620
controlled_compute.R,588,5.44,126788
controlled_compute.R,589,5.5,126572
controlled_compute.R,590,5.53,126708
controlled_compute.R,591,5.69,126688
controlled_compute.R,592,5.6,126580
controlled_compute.R,593,5.47,126448
controlled_compute.R,594,5.46,126708
controlled_compute.R,595,5.64,126644
controlled_compute.R,596,5.46,126540
controlled_compute.R,597,5.45,126632
controlled_compute.R,598,5.49,126712
controlled_compute.R,599,5.65,126588
controlled_compute.R,600,5.48,126420
controlled_compute.R,601,5.64,126740
controlled_compute.R,602,5.51,126564
controlled_compute.R,603,5.46,126620
controlled_compute.R,604,5.51,126508
controlled_compute.R,605,5.5,126412
controlled_compute.R,606,5.57,126740
controlled_compute.R,607,5.47,126776
controlled_compute.R,608,5.59,126740
controlled_compute.R,609,5.46,126596
controlled_compute.R,610,5.5,126384
controlled_compute.R,611,5.62,126448
controlled_compute.R,612,5.47,126652
controlled_compute.R,613,5.55,126636
controlled_compute.R,614,5.49,126712
controlled_compute.R,615,5.46,126600
controlled_compute.R,616,5.54,126552
controlled_compute.R,617,5.59,126336
controlled_compute.R,618,5.42,126648
controlled_compute.R,619,5.49,126604
controlled_compute.R,620,5.56,126532
controlled_compute.R,621,5.56,126348
controlled_compute.R,622,5.39,126656
controlled_compute.R,623,5.59,126628
controlled_compute.R,624,5.45,126392
controlled_compute.R,625,5.54,126564
controlled_compute.R,626,5.48,126688
controlled_compute.R,627,5.52,126548
controlled_compute.R,628,5.44,126760
controlled_compute.R,629,5.64,126464
controlled_compute.R,630,5.45,126740
controlled_compute.R,631,5.47,126612
controlled_compute.R,632,5.57,126364
controlled_compute.R,633,5.52,126460
controlled_compute.R,634,5.51,126420
controlled_compute.R,635,5.5,126596
controlled_compute.R,636,5.53,126780
controlled_compute.R,637,5.43,126436
controlled_compute.R,638,6.35,126348
controlled_compute.R,639,5.48,126476
controlled_compute.R,640,5.56,126660
controlled_compute.R,641,5.49,126612
controlled_compute.R,642,5.52,126748
controlled_compute.R,643,5.53,126736
controlled_compute.R,644,5.45,126696
controlled_compute.R,645,5.53,126588
controlled_compute.R,646,5.41,126576
controlled_compute.R,647,5.56,126704
controlled_compute.R,648,5.55,126500
controlled_compute.R,649,5.4,126640
controlled_compute.R,650,5.51,126508
controlled_compute.R,651,5.41,126624
controlled_compute.R,652,5.5,126644
controlled_compute.R,653,5.56,126624
controlled_compute.R,654,5.53,126596
controlled_compute.R,655,5.41,126636
controlled_compute.R,656,5.52,126492
controlled_compute.R,657,5.59,126396
controlled_compute.R,658,5.56,126688
controlled_compute.R,659,5.55,126596
controlled_compute.R,660,5.52,126692
controlled_compute.R,661,5.48,126696
controlled_compute.R,662,5.49,126656
controlled_compute.R,663,5.43,126200
controlled_compute.R,664,5.55,126432
controlled_compute.R,665,5.58,126424
controlled_compute.R,666,5.68,126604
controlled_compute.R,667,5.45,126520
controlled_compute.R,668,5.42,126340
controlled_compute.R,669,5.47,126500
controlled_compute.R,670,5.67,126608
controlled_compute.R,671,5.54,126236
controlled_compute.R,672,5.55,126580
controlled_compute.R,673,5.53,126548
controlled_compute.R,674,5.54,126568
controlled_compute.R,675,5.66,126492
controlled_compute.R,676,5.45,126584
controlled_compute.R,677,5.5,126484
controlled_compute.R,678,5.6,126712
controlled_compute.R,679,5.54,126448
controlled_compute.R,680,5.53,126500
controlled_compute.R,681,5.57,126400
controlled_compute.R,682,5.66,126692
controlled_compute.R,683,5.52,126600
controlled_compute.R,684,5.56,126292
controlled_compute.R,685,5.62,126480
controlled_compute.R,686,5.64,126692
controlled_compute.R,687,5.68,126292
controlled_compute.R,688,5.48,126560
controlled_compute.R,689,5.48,126692
controlled_compute.R,690,5.58,126300
controlled_compute.R,691,5.48,126520
controlled_compute.R,692,5.57,126352
controlled_compute.R,693,5.56,126664
controlled_compute.R,694,5.64,126700
controlled_compute.R,695,5.51,126784
controlled_compute.R,696,5.68,126680
controlled_compute.R,697,5.6,126476
controlled_compute.R,698,5.46,126548
controlled_compute.R,699,5.45,126620
controlled_compute.R,700,5.63,126588
controlled_compute.R,701,5.52,126604
controlled_compute.R,702,5.5,126568
controlled_compute.R,703,5.57,126332
controlled_compute.R,704,5.45,126708
controlled_compute.R,705,5.41,126768
controlled_compute.R,706,5.47,126776
controlled_compute.R,707,5.46,126716
controlled_compute.R,708,5.51,126420
controlled_compute.R,709,5.6,126648
controlled_compute.R,710,5.47,126480
controlled_compute.R,711,5.45,126340
controlled_compute.R,712,5.61,126688
controlled_compute.R,713,5.44,126772
controlled_compute.R,714,5.51,126772
controlled_compute.R,715,5.49,126724
controlled_compute.R,716,5.6,126644
controlled_compute.R,717,5.55,126584
controlled_compute.R,718,5.43,126296
controlled_compute.R,719,5.57,126548
controlled_compute.R,720,5.46,126492
controlled_compute.R,721,5.45,126580
controlled_compute.R,722,5.52,126636
controlled_compute.R,723,5.48,126544
controlled_compute.R,724,5.43,126692
controlled_compute.R,725,5.55,126468
controlled_compute.R,726,5.49,126616
controlled_compute.R,727,5.45,126496
controlled_compute.R,728,5.39,126692
controlled_compute.R,729,5.56,126692
controlled_compute.R,730,5.57,126592
controlled_compute.R,731,5.6,126544
controlled_compute.R,732,5.41,126564
controlled_compute.R,733,5.44,126608
controlled_compute.R,734,5.46,126616
controlled_compute.R,735,5.42,126724
controlled_compute.R,736,5.44,126460
controlled_compute.R,737,5.51,126620
controlled_compute.R,738,5.5,126540
controlled_compute.R,739,5.42,126432
controlled_compute.R,740,5.49,126692
controlled_compute.R,741,5.42,126744
controlled_compute.R,742,5.44,126656
controlled_compute.R,743,5.41,126416
controlled_compute.R,744,5.45,126776
controlled_compute.R,745,5.65,126476
controlled_compute.R,746,5.41,126468
controlled_compute.R,747,5.59,126292
controlled_compute.R,748,5.43,126516
controlled_compute.R,749,5.45,126556
controlled_compute.R,750,5.57,126324
controlled_compute.R,751,5.66,126632
controlled_compute.R,752,5.5,126584
controlled_compute.R,753,5.47,126688
controlled_compute.R,754,5.49,126552
controlled_compute.R,755,5.49,126424
controlled_compute.R,756,5.48,126452
controlled_compute.R,757,5.51,126512
controlled_compute.R,758,5.54,126608
controlled_compute.R,759,5.55,126612
controlled_compute.R,760,5.45,126680
controlled_compute.R,761,5.5,126448
controlled_compute.R,762,5.66,126280
controlled_compute.R,763,5.49,126636
controlled_compute.R,764,5.5,126648
controlled_compute.R,765,5.47,126376
controlled_compute.R,766,5.51,126516
controlled_compute.R,767,5.46,126516
controlled_compute.R,768,5.57,126408
controlled_compute.R,769,5.49,126540
controlled_compute.R,770,5.45,126348
controlled_compute.R,771,5.46,126512
controlled_compute.R,772,5.48,126704
controlled_compute.R,773,5.59,126700
controlled_compute.R,774,5.56,126684
controlled_compute.R,775,5.5,126656
controlled_compute.R,776,5.46,126580
controlled_compute.R,777,5.67,126340
controlled_compute.R,778,5.59,126684
controlled_compute.R,779,5.44,126460
controlled_compute.R,780,5.53,126372
controlled_compute.R,781,5.44,126472
controlled_compute.R,782,5.48,126824
controlled_compute.R,783,5.41,126500
controlled_compute.R,784,5.56,126340
controlled_compute.R,785,5.56,126464
controlled_compute.R,786,5.59,126604
controlled_compute.R,787,5.62,126356
controlled_compute.R,788,5.38,126412
controlled_compute.R,789,5.43,126472
controlled_compute.R,790,5.56,126648
controlled_compute.R,791,5.53,126524
controlled_compute.R,792,5.49,126636
controlled_compute.R,793,5.46,126400
controlled_compute.R,794,5.46,126620
controlled_compute.R,795,5.56,126580
controlled_compute.R,796,5.6,126432
controlled_compute.R,797,5.64,126692
controlled_compute.R,798,5.43,126768
controlled_compute.R,799,5.49,126640
controlled_compute.R,800,5.49,126520
controlled_compute.R,801,5.48,126604
controlled_compute.R,802,5.5,126644
controlled_compute.R,803,5.51,126560
controlled_compute.R,804,5.57,126524
controlled_compute.R,805,5.41,126704
controlled_compute.R,806,5.63,126372
controlled_compute.R,807,5.46,126516
controlled_compute.R,808,5.55,126400
controlled_compute.R,809,5.45,126508
controlled_compute.R,810,5.5,126548
controlled_compute.R,811,5.43,126668
controlled_compute.R,812,5.47,126804
controlled_compute.R,813,5.54,126380
controlled_compute.R,814,5.5,126468
controlled_compute.R,815,5.45,126744
controlled_compute.R,816,5.58,126644
controlled_compute.R,817,5.45,126384
controlled_compute.R,818,5.4,126608
controlled_compute.R,819,5.48,126444
controlled_compute.R,820,5.54,126472
controlled_compute.R,821,5.48,126664
controlled_compute.R,822,5.42,126584
controlled_compute.R,823,5.61,126572
controlled_compute.R,824,5.6,126560
controlled_compute.R,825,5.41,126524
controlled_compute.R,826,5.49,126524
controlled_compute.R,827,5.41,126452
controlled_compute.R,828,5.64,126124
controlled_compute.R,829,5.48,126712
controlled_compute.R,830,5.47,126188
controlled_compute.R,831,5.49,126576
controlled_compute.R,832,5.48,126640
controlled_compute.R,833,5.5,126772
controlled_compute.R,834,5.61,126488
controlled_compute.R,835,5.41,126716
controlled_compute.R,836,5.42,126520
controlled_compute.R,837,5.4,126456
controlled_compute.R,838,5.4,126752
controlled_compute.R,839,5.56,126488
controlled_compute.R,840,5.6,126488
controlled_compute.R,841,5.55,126368
controlled_compute.R,842,5.52,126416
controlled_compute.R,843,5.59,126388
controlled_compute.R,844,5.42,126636
controlled_compute.R,845,5.49,126580
controlled_compute.R,846,5.57,126672
controlled_compute.R,847,5.48,126444
controlled_compute.R,848,5.42,126692
controlled_compute.R,849,5.56,126720
controlled_compute.R,850,5.44,126420
controlled_compute.R,851,5.51,126416
controlled_compute.R,852,5.64,126640
controlled_compute.R,853,5.39,126796
controlled_compute.R,854,5.49,126296
controlled_compute.R,855,5.45,126292
controlled_compute.R,856,5.51,126416
controlled_compute.R,857,5.53,126648
controlled_compute.R,858,5.45,126508
controlled_compute.R,859,5.43,126716
controlled_compute.R,860,5.6,126392
controlled_compute.R,861,5.52,126724
controlled_compute.R,862,5.48,126540
controlled_compute.R,863,5.48,126620
controlled_compute.R,864,5.5,126420
controlled_compute.R,865,5.53,126404
controlled_compute.R,866,5.48,126440
controlled_compute.R,867,5.54,126616
controlled_compute.R,868,5.57,126520
controlled_compute.R,869,5.54,126508
controlled_compute.R,870,5.41,126724
controlled_compute.R,871,5.69,126476
controlled_compute.R,872,5.51,126404
controlled_compute.R,873,5.49,126424
controlled_compute.R,874,5.57,126660
controlled_compute.R,875,5.53,126584
controlled_compute.R,876,5.51,126400
controlled_compute.R,877,5.65,126864
controlled_compute.R,878,5.55,126564
controlled_compute.R,879,5.46,126540
controlled_compute.R,880,5.53,126676
controlled_compute.R,881,5.49,126824
controlled_compute.R,882,5.62,126592
controlled_compute.R,883,5.44,126556
controlled_compute.R,884,5.44,126520
controlled_compute.R,885,5.61,126556
controlled_compute.R,886,5.6,126480
controlled_compute.R,887,5.57,126248
controlled_compute.R,888,5.42,126780
controlled_compute.R,889,5.58,126404
controlled_compute.R,890,5.52,126636
controlled_compute.R,891,5.48,126408
controlled_compute.R,892,5.51,126512
controlled_compute.R,893,5.61,126620
controlled_compute.R,894,5.5,126612
controlled_compute.R,895,5.46,126560
controlled_compute.R,896,5.51,126652
controlled_compute.R,897,5.65,126576
controlled_compute.R,898,5.67,126532
controlled_compute.R,899,5.56,126620
controlled_compute.R,900,5.53,126668
controlled_compute.R,901,5.51,126616
controlled_compute.R,902,5.51,126628
controlled_compute.R,903,5.45,126588
controlled_compute.R,904,5.57,126480
controlled_compute.R,905,5.6,126808
controlled_compute.R,906,5.58,126608
controlled_compute.R,907,5.55,126596
controlled_compute.R,908,5.6,126412
controlled_compute.R,909,5.49,126588
controlled_compute.R,910,5.53,126500
controlled_compute.R,911,5.55,126580
controlled_compute.R,912,5.52,126472
controlled_compute.R,913,5.54,126456
controlled_compute.R,914,5.6,126636
controlled_compute.R,915,5.55,126644
controlled_compute.R,916,5.44,126576
controlled_compute.R,917,5.6,126620
controlled_compute.R,918,5.55,126356
controlled_compute.R,919,5.5,126264
controlled_compute.R,920,5.45,126580
controlled_compute.R,921,5.56,126240
controlled_compute.R,922,5.54,126584
controlled_compute.R,923,5.43,126380
controlled_compute.R,924,5.39,126488
controlled_compute.R,925,5.62,126656
controlled_compute.R,926,5.58,126588
controlled_compute.R,927,5.46,126400
controlled_compute.R,928,5.49,126564
controlled_compute.R,929,5.47,126708
controlled_compute.R,930,5.43,126644
controlled_compute.R,931,5.53,126364
controlled_compute.R,932,5.49,126580
controlled_compute.R,933,5.42,126504
controlled_compute.R,934,5.48,126468
controlled_compute.R,935,5.51,126328
controlled_compute.R,936,5.71,126512
controlled_compute.R,937,5.45,126264
controlled_compute.R,938,5.43,126508
controlled_compute.R,939,5.42,126412
controlled_compute.R,940,5.55,126768
controlled_compute.R,941,5.51,126548
controlled_compute.R,942,5.6,126452
controlled_compute.R,943,5.52,126428
controlled_compute.R,944,5.52,126720
controlled_compute.R,945,5.62,126368
controlled_compute.R,946,5.57,126752
controlled_compute.R,947,5.65,126620
controlled_compute.R,948,5.5,126672
controlled_compute.R,949,5.51,126508
controlled_compute.R,950,5.49,126580
controlled_compute.R,951,5.45,126708
controlled_compute.R,952,5.44,126352
controlled_compute.R,953,5.46,126456
controlled_compute.R,954,5.53,126608
controlled_compute.R,955,5.45,126656
controlled_compute.R,956,5.46,126712
controlled_compute.R,957,5.48,126628
controlled_compute.R,958,5.57,126824
controlled_compute.R,959,5.52,126552
controlled_compute.R,960,5.47,126600
controlled_compute.R,961,5.41,126512
controlled_compute.R,962,5.45,126612
controlled_compute.R,963,5.56,126552
controlled_compute.R,964,5.48,126504
controlled_compute.R,965,5.53,126728
controlled_compute.R,966,5.43,126596
controlled_compute.R,967,5.56,126656
controlled_compute.R,968,5.47,126256
controlled_compute.R,969,5.52,126612
controlled_compute.R,970,5.49,126292
controlled_compute.R,971,5.46,126364
controlled_compute.R,972,5.44,126548
controlled_compute.R,973,5.48,126704
controlled_compute.R,974,5.47,126476
controlled_compute.R,975,5.43,126424
controlled_compute.R,976,5.56,126332
controlled_compute.R,977,5.48,126624
controlled_compute.R,978,5.39,126564
controlled_compute.R,979,5.51,126656
controlled_compute.R,980,5.6,126432
controlled_compute.R,981,5.5,126472
controlled_compute.R,982,5.58,126776
controlled_compute.R,983,5.48,126672
controlled_compute.R,984,5.41,126596
controlled_compute.R,985,5.46,126548
controlled_compute.R,986,5.54,126296
controlled_compute.R,987,5.5,126452
controlled_compute.R,988,5.47,126244
controlled_compute.R,989,5.61,126740
controlled_compute.R,990,5.41,126736
controlled_compute.R,991,5.61,126700
controlled_compute.R,992,5.54,126496
controlled_compute.R,993,5.55,126608
controlled_compute.R,994,5.48,126576
controlled_compute.R,995,5.72,126660
controlled_compute.R,996,5.46,126684
controlled_compute.R,997,5.51,126684
controlled_compute.R,998,5.49,126500
controlled_compute.R,999,5.43,126480
controlled_compute.R,1000,5.55,126492
